{"cameraMode":{"drawMode":0,"name":"Shaded","section":"Shading Mode"},"sceneLighting":true,"audioPlay":false,"sceneViewState":{"showFog":true,"showMaterialUpdate":false,"showSkybox":true,"showFlares":true,"showImageEffects":true,"showParticleSystems":true},"in2DMode":false,"pivot":{"x":73.94387817382813,"y":31.222400665283204,"z":24.27436065673828},"rotation":{"x":-0.2028888612985611,"y":0.004990868736058474,"z":-0.0010340948356315494,"w":-0.9791885018348694},"size":22.0,"orthographic":false}